{"cameraMode":{"drawMode":0,"name":"Shaded","section":"Shading Mode"},"sceneLighting":true,"audioPlay":false,"sceneViewState":{"showFog":true,"showMaterialUpdate":false,"showSkybox":true,"showFlares":true,"showImageEffects":true,"showParticleSystems":true},"in2DMode":false,"pivot":{"x":2.5975849628448488,"y":-15.804969787597657,"z":6.329129695892334},"rotation":{"x":0.5322081446647644,"y":0.17151662707328797,"z":-0.11111722141504288,"w":0.8215963840484619},"size":22.464141845703126,"orthographic":false}